"id","target"
0,1
1,3
2,1
3,1
4,1
5,1
6,1
7,3
8,1
9,1
10,1
11,3
12,2
13,3
14,3
15,3
16,1
17,2
18,1
19,2
20,3
21,2
22,2
23,1
24,2
25,1
26,1
27,1
28,1
29,2
30,3
31,1
32,1
33,2
34,3
35,1
36,1
37,1
38,3
39,2
40,1
41,1
42,2
43,3
44,1
45,2
46,2
47,1
48,1
49,1
50,1
51,2
52,3
53,2
54,1
55,1
56,1
57,1
58,2
59,1
60,1
61,1
62,2
63,1
64,1
65,1
66,2
67,3
68,1
69,1
70,1
71,1
72,2
73,3
74,3
75,3
76,1
77,2
78,1
79,2
80,1
81,1
82,3
83,2
84,1
85,1
86,1
87,1
88,3
89,3
90,3
91,1
92,1
93,1
94,1
95,3
96,2
97,3
98,3
99,1
100,2
101,1
102,3
103,2
104,2
105,3
106,2
107,3
108,2
109,3
110,1
111,3
112,2
113,3
114,3
115,2
116,3
117,2
118,2
119,3
120,2
121,2
122,2
123,1
124,2
125,1
126,3
127,1
128,2
129,1
130,2
131,1
132,3
133,1
134,1
135,2
136,3
137,2
138,3
139,3
140,3
141,1
142,3
143,2
144,1
145,1
146,2
147,1
148,3
149,3
150,3
151,1
152,1
153,2
154,2
155,3
156,3
157,2
158,1
159,2
160,1
161,1
162,3
163,1
164,1
165,3
166,2
167,1
168,2
169,1
170,2
171,3
172,1
173,3
174,1
175,1
176,1
177,3
178,1
179,1
180,3
181,2
182,2
183,1
184,2
185,2
186,3
187,1
188,2
189,2
190,2
191,1
192,1
193,1
194,1
195,3
196,2
197,1
198,1
199,1
200,1
201,2
202,2
203,1
204,3
205,1
206,3
207,2
208,3
209,1
210,2
211,3
212,1
213,2
214,1
215,3
216,3
217,1
218,1
219,3
220,1
221,1
222,3
223,3
224,1
225,3
226,2
227,1
228,1
229,1
230,1
231,3
232,2
233,1
234,3
235,2
236,1
237,1
238,2
239,3
240,3
241,1
242,3
243,3
244,1
245,1
246,2
247,2
248,1
249,1
250,1
251,2
252,3
253,1
254,1
255,2
256,2
257,1
258,2
259,3
260,1
261,1
262,3
263,1
264,3
265,3
266,3
267,3
268,1
269,1
270,1
271,2
272,1
273,2
274,2
275,2
276,3
277,1
278,1
279,3
280,2
281,1
282,3
283,1
284,2
285,1
286,1
287,1
288,1
289,1
290,2
291,3
292,3
293,3
294,2
295,1
296,1
297,3
298,1
299,1
300,3
301,1
302,1
303,2
304,2
305,2
306,3
307,2
308,3
309,1
310,3
311,1
312,3
313,1
314,1
315,1
316,2
317,1
318,1
319,2
320,1
321,1
322,3
323,3
324,3
325,1
326,1
327,2
328,1
329,1
330,3
331,1
332,3
333,1
334,3
335,1
336,1
337,1
338,1
339,2
340,3
341,2
342,2
343,3
344,3
345,1
346,2
347,3
348,1
349,3
350,1
351,1
352,1
353,3
354,1
355,1
356,3
357,1
358,1
359,3
360,2
361,1
362,3
363,2
364,2
365,1
366,3
367,3
368,1
369,2
370,2
371,3
372,3
373,1
374,1
375,1
376,1
377,2
378,1
379,3
380,3
381,3
382,1
383,1
384,3
385,1
386,1
387,3
388,2
389,3
390,3
391,1
392,2
393,2
394,3
395,3
396,3
397,2
398,1
399,3
400,1
401,1
402,3
403,1
404,1
405,2
406,1
407,3
408,1
409,3
410,1
411,3
412,3
413,3
414,3
415,1
416,1
417,1
418,2
419,1
420,1
421,1
422,1
423,1
424,3
425,1
426,2
427,1
428,3
429,2
430,1
431,3
432,2
433,3
434,3
435,1
436,3
437,3
438,1
439,2
440,2
441,1
442,2
443,1
444,3
445,3
446,2
447,1
448,2
449,2
450,2
451,3
452,1
453,2
454,2
455,3
456,2
457,3
458,3
459,2
460,3
461,2
462,3
463,1
464,1
465,1
466,1
467,1
468,2
469,2
470,1
471,1
472,1
473,1
474,3
475,3
476,3
477,1
478,2
479,1
480,1
481,1
482,3
483,1
484,3
485,3
486,3
487,2
488,1
489,2
490,2
491,3
492,1
493,3
494,1
495,2
496,3
497,1
498,1
499,2
500,3
501,2
502,2
503,1
504,1
505,2
506,1
507,1
508,1
509,1
510,2
511,1
512,1
513,1
514,3
515,1
516,3
517,1
518,2
519,1
520,1
521,1
522,2
523,1
524,3
525,1
526,2
527,1
528,2
529,2
530,1
531,1
532,1
533,2
534,3
535,1
536,1
537,3
538,2
539,3
540,1
541,1
542,2
543,2
544,2
545,1
546,2
547,1
548,2
549,3
550,1
551,2
552,1
553,2
554,3
555,1
556,1
557,3
558,1
559,3
560,1
561,3
562,3
563,3
564,1
565,1
566,1
567,1
568,2
569,2
570,2
571,2
572,1
573,3
574,1
575,3
576,2
577,2
578,2
579,3
580,1
581,2
582,1
583,1
584,1
585,1
586,2
587,1
588,2
589,1
590,1
591,3
592,1
593,1
594,1
595,2
596,1
597,2
598,3
599,3
600,1
601,2
602,3
603,3
604,1
605,2
606,1
607,3
608,3
609,2
610,2
611,2
612,3
613,2
614,1
615,1
616,1
617,1
618,2
619,2
620,1
621,1
622,3
623,1
624,3
625,3
626,1
627,3
628,1
629,1
630,1
631,3
632,3
633,3
634,1
635,3
636,3
637,1
638,1
639,1
640,1
641,3
642,3
643,1
644,1
645,1
646,1
647,2
648,2
649,2
650,1
651,1
652,2
653,1
654,2
655,3
656,2
657,3
658,2
659,1
660,1
661,1
662,2
663,1
664,3
665,1
666,3
667,2
668,3
669,3
670,3
671,2
672,1
673,3
674,1
675,2
676,1
677,2
678,3
679,2
680,2
681,1
682,1
683,2
684,3
685,1
686,1
687,1
688,1
689,3
690,2
691,3
692,1
693,1
694,3
695,2
696,1
697,1
698,2
699,1
700,2
701,3
702,3
703,3
704,1
705,3
706,1
707,3
708,2
709,3
710,1
711,1
712,2
713,2
714,1
715,1
716,2
717,2
718,1
719,1
720,1
721,2
722,2
723,3
724,3
725,2
726,2
727,2
728,3
729,1
730,3
731,1
732,1
733,1
734,3
735,3
736,1
737,3
738,1
739,3
740,2
741,1
742,1
743,1
744,3
745,3
746,2
747,3
748,2
749,1
750,1
751,2
752,1
753,1
754,1
755,3
756,1
757,1
758,1
759,3
760,1
761,3
762,1
763,2
764,1
765,1
766,2
767,3
768,1
769,3
770,3
771,3
772,1
773,1
774,3
775,3
776,2
777,1
778,1
779,1
780,3
781,1
782,1
783,1
784,1
785,1
786,1
787,1
788,2
789,1
790,1
791,2
792,1
793,2
794,1
795,2
796,3
797,3
798,3
799,1
800,1
801,1
802,2
803,1
804,1
805,1
806,2
807,1
808,2
809,1
810,3
811,1
812,1
813,3
814,1
815,1
816,3
817,1
818,1
819,2
820,2
821,1
822,2
823,2
824,1
825,1
826,3
827,2
828,2
829,3
830,1
831,2
832,1
833,1
834,1
835,2
836,3
837,3
838,2
839,2
840,1
841,3
842,2
843,3
844,1
845,1
846,3
847,1
848,2
849,2
850,3
851,1
852,2
853,2
854,1
855,1
856,2
857,2
858,2
859,1
860,3
861,3
862,1
863,2
864,2
865,1
866,3
867,1
868,2
869,3
870,2
871,3
872,3
873,1
874,3
875,2
876,1
877,3
878,3
879,1
880,1
881,1
882,1
883,3
884,1
885,3
886,3
887,3
888,1
889,1
890,1
891,2
892,1
893,3
894,1
895,1
896,2
897,2
898,3
899,2
900,1
901,1
902,1
903,2
904,2
905,1
906,2
907,1
908,1
909,3
910,1
911,3
912,2
913,2
914,3
915,2
916,3
917,2
918,1
919,3
920,1
921,3
922,1
923,3
924,2
925,1
926,2
927,3
928,3
929,1
930,2
931,1
932,1
933,2
934,3
935,3
936,1
937,1
938,3
939,3
940,1
941,3
942,3
943,1
944,2
945,1
946,2
947,1
948,1
949,3
950,2
951,2
952,2
953,2
954,1
955,2
956,2
957,1
958,1
959,3
960,1
961,2
962,1
963,1
964,3
965,1
966,1
967,1
968,3
969,3
970,1
971,1
972,1
973,2
974,1
975,2
976,1
977,2
978,2
979,3
980,2
981,3
982,3
983,3
984,1
985,1
986,3
987,1
988,1
989,1
990,2
991,1
992,2
993,1
994,1
995,1
996,2
997,1
998,1
999,3
1000,3
1001,2
1002,3
1003,1
1004,2
1005,3
1006,1
1007,3
1008,1
1009,1
1010,3
1011,3
1012,3
1013,2
1014,3
1015,3
1016,2
1017,3
1018,3
1019,3
1020,2
1021,2
1022,3
1023,1
1024,1
1025,2
1026,3
1027,3
1028,2
1029,1
1030,1
1031,1
1032,1
1033,3
1034,1
1035,1
1036,3
1037,1
1038,3
1039,3
1040,3
1041,2
1042,3
1043,3
1044,1
1045,1
1046,1
1047,1
1048,3
1049,1
1050,2
1051,3
1052,1
1053,1
1054,1
1055,3
1056,1
1057,1
1058,2
1059,2
1060,1
1061,2
1062,2
1063,2
1064,3
1065,1
1066,1
1067,2
1068,2
1069,2
1070,1
1071,3
1072,3
1073,3
1074,1
1075,1
1076,3
1077,3
1078,1
1079,1
1080,3
1081,3
1082,1
1083,2
1084,3
1085,2
1086,1
1087,2
1088,3
1089,1
1090,3
1091,2
1092,1
1093,2
1094,1
1095,2
1096,2
1097,2
1098,1
1099,1
1100,1
1101,1
1102,2
1103,1
1104,1
1105,2
1106,1
1107,1
1108,3
1109,3
1110,2
1111,3
1112,2
1113,1
1114,3
1115,1
1116,3
1117,3
1118,3
1119,1
1120,1
1121,3
1122,1
1123,1
1124,1
1125,1
1126,1
1127,1
1128,3
1129,2
1130,3
1131,2
1132,1
1133,1
1134,2
1135,1
1136,3
1137,1
1138,1
1139,3
1140,1
1141,3
1142,1
1143,3
1144,1
1145,2
1146,1
1147,2
1148,1
1149,3
1150,3
1151,1
1152,2
1153,3
1154,1
1155,3
1156,1
1157,1
1158,3
1159,3
1160,1
1161,2
1162,1
1163,1
1164,1
1165,1
1166,3
1167,1
1168,3
1169,1
1170,2
1171,3
1172,2
1173,1
1174,3
1175,1
1176,3
1177,1
1178,2
1179,3
1180,1
1181,1
1182,3
1183,2
1184,1
1185,1
1186,2
1187,1
1188,2
1189,3
1190,2
1191,1
1192,1
1193,3
1194,1
1195,2
1196,1
1197,1
1198,1
1199,1
1200,3
1201,1
1202,2
1203,1
1204,2
1205,2
1206,1
1207,1
1208,1
1209,1
1210,2
1211,1
1212,3
1213,3
1214,1
1215,1
1216,1
1217,3
1218,3
1219,3
1220,1
1221,1
1222,3
1223,1
1224,3
1225,3
1226,1
1227,2
1228,3
1229,1
1230,3
1231,1
1232,1
1233,1
1234,1
1235,1
1236,1
1237,1
1238,3
1239,3
1240,1
1241,1
1242,1
1243,1
1244,1
1245,3
1246,3
1247,1
1248,3
1249,1
1250,3
1251,1
1252,1
1253,1
1254,1
1255,1
1256,3
1257,3
1258,1
1259,1
1260,2
1261,1
1262,3
1263,3
1264,1
1265,1
1266,2
1267,1
1268,1
1269,2
1270,1
1271,2
1272,1
1273,3
1274,2
1275,1
1276,1
1277,2
1278,1
1279,1
1280,2
1281,1
1282,1
1283,1
1284,3
1285,2
1286,1
1287,1
1288,1
1289,1
1290,1
1291,2
1292,1
1293,2
1294,2
1295,1
1296,1
1297,3
1298,2
1299,3
1300,1
1301,3
1302,3
1303,2
1304,2
1305,1
1306,2
1307,2
1308,3
1309,3
1310,1
1311,3
1312,1
1313,2
1314,3
1315,2
1316,3
1317,1
1318,1
1319,2
1320,1
1321,1
1322,1
1323,1
1324,1
1325,2
1326,2
1327,2
1328,2
1329,3
1330,2
1331,1
1332,3
1333,2
1334,3
1335,3
1336,3
1337,1
1338,1
1339,2
1340,3
1341,1
1342,1
1343,3
1344,1
1345,1
1346,1
1347,1
1348,3
1349,1
1350,1
1351,1
1352,2
1353,3
1354,1
1355,2
1356,2
1357,3
1358,1
1359,1
1360,1
1361,1
1362,1
1363,2
1364,2
1365,3
1366,1
1367,1
1368,3
1369,2
1370,3
1371,1
1372,2
1373,2
1374,2
1375,1
1376,2
1377,1
1378,1
1379,1
1380,1
1381,3
1382,2
1383,3
1384,2
1385,3
1386,1
1387,1
1388,3
1389,1
1390,1
1391,1
1392,3
1393,2
1394,3
1395,1
1396,3
1397,1
1398,2
1399,1
1400,2
1401,3
1402,3
1403,1
1404,3
1405,1
1406,1
1407,2
1408,3
1409,1
1410,1
1411,3
1412,2
1413,2
1414,2
1415,1
1416,1
1417,2
1418,3
1419,1
1420,2
1421,1
1422,2
1423,1
1424,3
1425,3
1426,1
1427,1
1428,2
1429,1
1430,1
1431,1
1432,2
1433,2
1434,2
1435,3
1436,3
1437,1
1438,1
1439,3
1440,2
1441,3
1442,1
1443,3
1444,2
1445,2
1446,3
1447,3
1448,1
1449,1
1450,2
1451,1
1452,3
1453,3
1454,1
1455,2
1456,1
1457,1
1458,3
1459,2
1460,1
1461,2
1462,2
1463,1
1464,1
1465,1
1466,1
1467,1
1468,3
1469,2
1470,1
1471,3
1472,2
1473,2
1474,1
1475,1
1476,1
1477,3
1478,1
1479,3
1480,1
1481,2
1482,1
1483,1
1484,1
1485,3
1486,3
1487,3
1488,2
1489,1
1490,3
1491,1
1492,1
1493,2
1494,1
1495,1
1496,1
1497,1
1498,3
1499,3
1500,1
1501,3
1502,1
1503,3
1504,1
1505,1
1506,2
1507,1
1508,3
1509,1
1510,1
1511,3
1512,1
1513,1
1514,2
1515,2
1516,1
1517,2
1518,1
1519,1
1520,1
1521,1
1522,2
1523,3
1524,1
1525,2
1526,1
1527,2
1528,1
1529,2
1530,3
1531,1
1532,2
1533,3
1534,1
1535,1
1536,1
1537,3
1538,1
1539,2
1540,1
1541,1
1542,1
1543,3
1544,1
1545,1
1546,1
1547,1
1548,3
1549,3
1550,3
1551,3
1552,1
1553,3
1554,2
1555,1
1556,3
1557,1
1558,2
1559,1
1560,1
1561,2
1562,3
1563,1
1564,2
1565,1
1566,1
1567,2
1568,2
1569,3
1570,1
1571,2
1572,3
1573,2
1574,3
1575,2
1576,2
1577,1
1578,3
1579,1
1580,1
1581,2
1582,1
1583,2
1584,3
1585,2
1586,1
1587,2
1588,1
1589,2
1590,3
1591,1
1592,2
1593,2
1594,3
1595,3
1596,3
1597,2
1598,1
1599,2
1600,1
1601,2
1602,3
1603,2
1604,1
1605,2
1606,1
1607,1
1608,3
1609,1
1610,1
1611,3
1612,1
1613,3
1614,1
1615,2
1616,1
1617,1
1618,1
1619,1
1620,3
1621,1
1622,2
1623,3
1624,1
1625,2
1626,3
1627,3
1628,1
1629,1
1630,3
1631,1
1632,2
1633,3
1634,1
1635,3
1636,2
1637,3
1638,3
1639,1
1640,2
1641,1
1642,2
1643,1
1644,3
1645,1
1646,2
1647,1
1648,3
1649,2
1650,1
1651,2
1652,1
1653,2
1654,2
1655,2
1656,2
1657,1
1658,2
1659,1
1660,1
1661,1
1662,2
1663,3
1664,1
1665,2
1666,3
1667,1
1668,1
1669,3
1670,3
1671,2
1672,2
1673,1
1674,3
1675,1
1676,3
1677,1
1678,3
1679,3
1680,1
1681,1
1682,3
1683,2
1684,2
1685,2
1686,3
1687,1
1688,2
1689,1
1690,3
1691,3
1692,3
1693,2
1694,3
1695,1
1696,2
1697,3
1698,1
1699,1
1700,1
1701,1
1702,3
1703,1
1704,1
1705,1
1706,1
1707,1
1708,1
1709,2
1710,2
1711,3
1712,3
1713,3
1714,1
1715,3
1716,3
1717,3
1718,3
1719,2
1720,1
1721,3
1722,1
1723,3
1724,3
1725,1
1726,1
1727,2
1728,1
1729,1
1730,1
1731,1
1732,1
1733,3
1734,1
1735,2
1736,1
1737,1
1738,3
1739,1
1740,1
1741,1
1742,3
1743,1
1744,3
1745,2
1746,1
1747,2
1748,2
1749,3
1750,1
1751,1
1752,1
1753,3
1754,3
1755,1
1756,2
1757,1
1758,1
1759,1
1760,1
1761,1
1762,3
1763,2
1764,1
1765,1
1766,3
1767,1
1768,1
1769,3
1770,3
1771,1
1772,3
1773,1
1774,3
1775,1
1776,3
1777,1
1778,1
1779,1
1780,1
1781,3
1782,3
1783,1
1784,1
1785,1
1786,3
1787,1
1788,3
1789,3
1790,1
1791,1
1792,3
1793,1
1794,3
1795,1
1796,1
1797,3
1798,1
1799,2
1800,1
1801,1
1802,3
1803,3
1804,3
1805,2
1806,1
1807,3
1808,2
1809,3
1810,3
1811,3
1812,3
1813,1
1814,3
1815,2
1816,3
1817,3
1818,1
1819,1
1820,1
1821,2
1822,3
1823,1
1824,1
1825,2
1826,3
1827,2
1828,2
1829,2
1830,1
1831,2
1832,2
1833,3
1834,3
1835,1
1836,3
1837,2
1838,1
1839,2
1840,1
1841,2
1842,3
1843,3
1844,3
1845,2
1846,1
1847,1
1848,1
1849,1
1850,1
1851,2
1852,2
1853,1
1854,2
1855,3
1856,3
1857,2
1858,2
1859,1
1860,2
1861,1
1862,2
1863,2
1864,1
1865,1
1866,2
1867,2
1868,1
1869,3
1870,3
1871,2
1872,2
1873,2
1874,1
1875,2
1876,1
1877,1
1878,2
1879,3
1880,1
1881,1
1882,2
1883,3
1884,1
1885,3
1886,1
1887,1
1888,1
1889,1
1890,3
1891,3
1892,2
1893,1
1894,3
1895,2
1896,1
1897,1
1898,1
1899,1
1900,1
1901,2
1902,2
1903,1
1904,1
1905,1
1906,2
1907,3
1908,2
1909,2
1910,2
1911,3
1912,3
1913,1
1914,1
1915,2
1916,3
1917,2
1918,3
1919,3
1920,2
1921,3
1922,3
1923,2
1924,1
1925,1
1926,2
1927,2
1928,2
1929,3
1930,2
1931,1
1932,1
1933,1
1934,1
1935,3
1936,1
1937,1
1938,1
1939,1
1940,2
1941,1
1942,3
1943,3
1944,2
1945,3
1946,2
1947,1
1948,3
1949,1
1950,2
1951,2
1952,1
1953,3
1954,3
1955,1
1956,2
1957,2
1958,3
1959,3
1960,1
1961,2
1962,1
1963,2
1964,1
1965,2
1966,1
1967,1
1968,3
1969,3
1970,1
1971,2
1972,2
1973,2
1974,2
1975,1
1976,1
1977,2
1978,2
1979,3
1980,3
1981,3
1982,1
1983,2
1984,1
1985,2
1986,1
1987,3
1988,1
1989,2
1990,1
1991,3
1992,2
1993,3
1994,1
1995,3
1996,2
1997,2
1998,2
1999,1
2000,1
2001,2
2002,1
2003,1
2004,1
2005,2
2006,3
2007,1
2008,1
2009,1
2010,2
2011,1
2012,3
2013,1
2014,1
2015,3
2016,2
2017,3
2018,1
2019,1
2020,1
2021,3
2022,3
2023,3
2024,1
2025,1
2026,1
2027,2
2028,3
2029,2
2030,2
2031,1
2032,1
2033,1
2034,1
2035,2
2036,1
2037,3
2038,2
2039,1
2040,1
2041,1
2042,3
2043,3
2044,1
2045,3
2046,2
2047,2
2048,1
2049,1
2050,3
2051,1
2052,1
2053,3
2054,3
2055,3
2056,1
2057,2
2058,1
2059,1
2060,1
2061,2
2062,1
2063,1
2064,3
2065,1
2066,3
2067,1
2068,3
2069,2
2070,2
2071,1
2072,3
2073,2
2074,3
2075,1
2076,1
2077,1
2078,1
2079,2
2080,3
2081,1
2082,3
2083,2
2084,2
2085,3
2086,1
2087,3
2088,1
2089,1
2090,3
2091,3
2092,2
2093,1
2094,1
2095,1
2096,1
2097,2
2098,1
2099,3
2100,2
2101,1
2102,3
2103,1
2104,2
2105,1
2106,2
2107,1
2108,2
2109,3
2110,1
2111,1
2112,2
2113,1
2114,3
2115,2
2116,1
2117,1
2118,1
2119,2
2120,3
2121,1
2122,1
2123,3
2124,1
2125,3
2126,1
2127,3
2128,1
2129,3
2130,1
2131,2
2132,2
2133,1
2134,2
2135,2
2136,1
2137,3
2138,2
2139,3
2140,1
2141,1
2142,3
2143,2
2144,1
2145,1
2146,1
2147,1
2148,1
2149,1
2150,2
2151,3
2152,1
2153,3
2154,3
2155,2
2156,1
2157,1
2158,1
2159,1
2160,2
2161,3
2162,1
2163,1
2164,3
2165,3
2166,3
2167,2
2168,1
2169,1
2170,3
2171,1
2172,3
2173,1
2174,3
2175,2
2176,1
2177,3
2178,2
2179,2
2180,1
2181,1
2182,3
2183,1
2184,1
2185,1
2186,1
2187,1
2188,2
2189,1
2190,1
2191,1
2192,1
2193,1
2194,3
2195,3
2196,1
2197,1
2198,2
2199,1
2200,1
2201,2
2202,2
2203,1
2204,1
2205,1
2206,1
2207,2
2208,1
2209,1
2210,1
2211,3
2212,2
2213,3
2214,1
2215,1
2216,1
2217,1
2218,1
2219,2
2220,3
2221,1
2222,2
2223,3
2224,3
2225,1
2226,1
2227,1
2228,2
2229,1
2230,1
2231,1
2232,2
2233,1
2234,1
2235,1
2236,2
2237,1
2238,3
2239,1
2240,2
2241,2
2242,1
2243,1
2244,2
2245,2
2246,2
2247,3
2248,1
2249,1
2250,1
2251,1
2252,1
2253,3
2254,1
2255,2
2256,3
2257,3
2258,3
2259,1
2260,2
2261,1
2262,1
2263,3
2264,2
2265,2
2266,1
2267,2
2268,3
2269,2
2270,2
2271,3
2272,1
2273,1
2274,1
2275,3
2276,3
2277,3
2278,1
2279,1
2280,2
2281,3
2282,1
2283,1
2284,3
2285,2
2286,2
2287,1
2288,2
2289,3
2290,1
2291,3
2292,1
2293,1
2294,3
2295,1
2296,1
2297,3
2298,1
2299,3
2300,1
2301,3
2302,3
2303,1
2304,3
2305,2
2306,1
2307,3
2308,1
2309,1
2310,1
2311,1
2312,3
2313,1
2314,1
2315,3
2316,1
2317,3
2318,1
2319,2
2320,1
2321,1
2322,1
2323,3
2324,3
2325,1
2326,3
2327,1
2328,2
2329,1
2330,1
2331,3
2332,2
2333,2
2334,1
2335,3
2336,1
2337,3
2338,2
2339,3
2340,1
2341,1
2342,1
2343,2
2344,1
2345,2
2346,1
2347,1
2348,1
2349,1
2350,2
2351,3
2352,2
2353,1
2354,1
2355,2
2356,3
2357,1
2358,3
2359,1
2360,1
2361,3
2362,2
2363,1
2364,1
2365,3
2366,1
2367,1
2368,2
2369,1
2370,1
2371,1
2372,3
2373,1
2374,1
2375,3
2376,1
2377,3
2378,1
2379,3
2380,1
2381,2
2382,3
2383,1
2384,1
2385,1
2386,1
2387,3
2388,1
2389,3
2390,1
2391,1
2392,3
2393,1
2394,1
2395,2
2396,1
2397,2
2398,3
2399,3
2400,1
2401,3
2402,1
2403,2
2404,2
2405,1
2406,1
2407,3
2408,3
2409,3
2410,1
2411,1
2412,2
2413,1
2414,2
2415,2
2416,3
2417,3
2418,3
2419,3
2420,1
2421,3
2422,2
2423,3
2424,2
2425,2
2426,3
2427,2
2428,1
2429,2
2430,2
2431,2
2432,3
2433,1
2434,1
2435,1
2436,1
2437,1
2438,1
2439,3
2440,3
2441,1
2442,2
2443,2
2444,1
2445,2
2446,3
2447,2
2448,1
2449,1
2450,2
2451,1
2452,1
2453,2
2454,1
2455,1
2456,1
2457,1
2458,1
2459,3
2460,1
2461,1
2462,1
2463,2
2464,1
2465,2
2466,1
2467,2
2468,1
2469,3
2470,2
2471,1
2472,3
2473,3
2474,3
2475,1
2476,2
2477,1
2478,1
2479,1
2480,3
2481,1
2482,1
2483,1
2484,2
2485,1
2486,3
2487,1
2488,3
2489,2
2490,1
2491,1
2492,1
2493,1
2494,3
2495,3
2496,1
2497,3
2498,1
2499,1
2500,1
2501,1
2502,3
2503,3
2504,3
2505,3
2506,1
2507,1
2508,3
2509,1
2510,3
2511,3
2512,2
2513,2
2514,1
2515,1
2516,3
2517,3
2518,2
2519,3
2520,3
2521,1
2522,2
2523,2
2524,1
2525,1
2526,1
2527,1
2528,1
2529,1
2530,2
2531,1
2532,1
2533,3
2534,3
2535,1
2536,1
2537,3
2538,1
2539,1
2540,3
2541,1
2542,3
2543,1
2544,2
2545,1
2546,2
2547,1
2548,1
2549,3
2550,1
2551,1
2552,2
2553,2
2554,2
2555,3
2556,1
2557,2
2558,3
2559,1
2560,2
2561,2
2562,3
2563,3
2564,3
2565,3
2566,1
2567,3
2568,1
2569,3
2570,1
2571,2
2572,2
2573,3
2574,3
2575,1
2576,2
2577,2
2578,1
2579,3
2580,3
2581,2
2582,3
2583,1
2584,3
2585,3
2586,3
2587,3
2588,1
2589,1
2590,1
2591,1
2592,2
2593,3
2594,1
2595,2
2596,2
2597,2
2598,3
2599,2
2600,2
2601,1
2602,1
2603,2
2604,1
2605,2
2606,1
2607,1
2608,2
2609,3
2610,1
2611,2
2612,1
2613,3
2614,3
2615,1
2616,2
2617,1
2618,1
2619,1
2620,2
2621,1
2622,3
2623,3
2624,2
2625,1
2626,2
2627,3
2628,3
2629,1
2630,1
2631,1
2632,2
2633,1
2634,1
2635,1
2636,3
2637,2
2638,1
2639,1
2640,3
2641,1
2642,1
2643,3
2644,1
2645,3
2646,2
2647,1
2648,2
2649,3
2650,1
2651,3
2652,1
2653,3
2654,1
2655,1
2656,3
2657,1
2658,3
2659,1
2660,1
2661,2
2662,1
2663,3
2664,2
2665,1
2666,3
2667,1
2668,3
2669,2
2670,1
2671,3
2672,3
2673,2
2674,3
2675,1
2676,1
2677,3
2678,2
2679,1
2680,1
2681,1
2682,3
2683,1
2684,1
2685,1
2686,1
2687,1
2688,1
2689,1
2690,2
2691,3
2692,1
2693,3
2694,1
2695,3
2696,2
2697,1
2698,3
2699,1
2700,1
2701,1
2702,1
2703,1
2704,1
2705,2
2706,3
2707,3
2708,1
2709,3
2710,3
2711,1
2712,3
2713,3
2714,3
2715,2
2716,1
2717,1
2718,1
2719,1
2720,1
2721,3
2722,1
2723,2
2724,2
2725,3
2726,3
2727,1
2728,3
2729,1
2730,1
2731,2
2732,2
2733,2
2734,3
2735,1
2736,3
2737,1
2738,2
2739,1
2740,1
2741,1
2742,3
2743,3
2744,1
2745,1
2746,2
2747,1
2748,3
2749,3
2750,2
2751,2
2752,2
2753,3
2754,3
2755,2
2756,1
2757,1
2758,3
2759,3
2760,1
2761,2
2762,1
2763,1
2764,2
2765,2
2766,2
2767,1
2768,1
2769,2
2770,1
2771,1
2772,2
2773,2
2774,1
2775,1
2776,1
2777,3
2778,2
2779,2
2780,1
2781,1
2782,2
2783,2
2784,1
2785,2
2786,1
2787,1
2788,2
2789,3
2790,2
2791,1
2792,3
2793,3
2794,3
2795,1
2796,1
2797,2
2798,1
2799,1
2800,1
2801,2
2802,1
2803,3
2804,1
2805,3
2806,1
2807,1
2808,2
2809,2
2810,1
2811,1
2812,1
2813,2
2814,2
2815,3
2816,3
2817,1
2818,3
2819,3
2820,3
2821,2
2822,3
2823,2
2824,3
2825,3
2826,2
2827,1
2828,1
2829,2
2830,3
2831,3
2832,2
2833,2
2834,3
2835,1
2836,1
2837,1
2838,2
2839,3
2840,2
2841,2
2842,1
2843,1
2844,1
2845,1
2846,1
2847,3
2848,1
2849,1
2850,3
2851,2
2852,1
2853,2
2854,2
2855,1
2856,1
2857,1
2858,3
2859,3
2860,1
2861,3
2862,3
2863,3
2864,3
2865,3
2866,1
2867,3
2868,2
2869,1
2870,1
2871,1
2872,1
2873,2
2874,1
2875,1
2876,1
2877,2
2878,1
2879,1
2880,2
2881,1
2882,2
2883,1
2884,1
2885,2
2886,3
2887,2
2888,2
2889,1
2890,3
2891,2
2892,2
2893,3
2894,3
2895,1
2896,1
2897,1
2898,3
2899,1
2900,3
2901,2
2902,1
2903,3
2904,1
2905,1
2906,1
2907,1
2908,3
2909,2
2910,3
2911,2
2912,3
2913,3
2914,2
2915,3
2916,3
2917,1
2918,1
2919,3
2920,1
2921,3
2922,3
2923,2
2924,1
2925,2
2926,2
2927,1
2928,3
2929,2
2930,3
2931,2
2932,1
2933,1
2934,2
2935,2
2936,1
2937,1
2938,1
2939,3
2940,3
2941,1
2942,1
2943,2
2944,3
2945,1
2946,3
2947,1
2948,2
2949,1
2950,3
2951,2
2952,1
2953,1
2954,2
2955,2
2956,2
2957,1
2958,2
2959,2
2960,2
2961,3
2962,1
2963,1
2964,3
2965,1
2966,2
2967,2
2968,2
2969,3
2970,1
2971,3
2972,2
2973,1
2974,2
2975,3
2976,1
2977,3
2978,1
2979,1
2980,1
2981,1
2982,1
2983,2
2984,1
2985,1
2986,1
2987,1
2988,3
2989,2
2990,1
2991,2
2992,1
2993,3
2994,2
2995,1
2996,1
2997,1
2998,1
2999,3
3000,1
3001,2
3002,1
3003,1
3004,3
3005,3
3006,2
3007,3
3008,1
3009,2
3010,1
3011,3
3012,3
3013,3
3014,1
3015,2
3016,1
3017,1
3018,1
3019,1
3020,2
3021,1
3022,3
3023,2
3024,3
3025,3
3026,2
3027,1
3028,1
3029,1
3030,1
3031,1
3032,1
3033,2
3034,1
3035,1
3036,1
3037,2
3038,2
3039,1
3040,3
3041,1
3042,2
3043,1
3044,2
3045,2
3046,3
3047,1
3048,3
3049,3
3050,3
3051,3
3052,1
3053,3
3054,1
3055,1
3056,2
3057,3
3058,1
3059,1
3060,2
3061,1
3062,1
3063,2
3064,2
3065,1
3066,3
3067,2
3068,3
3069,3
3070,1
3071,1
3072,3
3073,3
3074,2
3075,1
3076,1
3077,1
3078,2
3079,2
3080,1
3081,2
3082,1
3083,1
3084,1
3085,1
3086,3
3087,1
3088,2
3089,1
3090,1
3091,1
3092,1
3093,2
3094,3
3095,2
3096,2
3097,3
3098,3
3099,2
3100,1
3101,1
3102,1
3103,3
3104,1
3105,2
3106,3
3107,3
3108,2
3109,1
3110,2
3111,1
3112,3
3113,1
3114,2
3115,2
3116,1
3117,2
3118,3
3119,2
3120,2
3121,1
3122,1
3123,1
3124,2
3125,1
3126,3
3127,1
3128,2
3129,3
3130,1
3131,3
3132,1
3133,2
3134,2
3135,1
3136,3
3137,2
3138,1
3139,3
3140,1
3141,2
3142,1
3143,2
3144,3
3145,1
3146,3
3147,1
3148,1
3149,1
3150,3
3151,3
3152,1
3153,1
3154,3
3155,1
3156,1
3157,3
3158,1
3159,3
3160,1
3161,1
3162,2
3163,2
3164,1
3165,2
3166,2
3167,3
3168,1
3169,2
3170,2
3171,2
3172,1
3173,1
3174,2
3175,1
3176,2
3177,3
3178,1
3179,2
3180,2
3181,2
3182,1
3183,1
3184,2
3185,2
3186,3
3187,3
3188,1
3189,2
3190,1
3191,1
3192,3
3193,1
3194,1
3195,1
3196,2
3197,2
3198,1
3199,2
3200,3
3201,3
3202,1
3203,3
3204,1
3205,2
3206,2
3207,1
3208,1
3209,1
3210,1
3211,2
3212,3
3213,1
3214,3
3215,2
3216,3
3217,1
3218,2
3219,1
3220,1
3221,2
3222,2
3223,2
3224,2
3225,3
3226,1
3227,3
3228,1
3229,1
3230,2
3231,3
3232,1
3233,3
3234,3
3235,3
3236,1
3237,1
3238,1
3239,1
3240,1
3241,1
3242,3
3243,1
3244,3
3245,3
3246,3
3247,2
3248,1
3249,3
3250,1
3251,3
3252,2
3253,1
3254,1
3255,1
3256,3
3257,1
3258,1
3259,1
3260,1
3261,1
3262,1
3263,3
3264,2
3265,2
3266,3
3267,1
3268,2
3269,2
3270,1
3271,2
3272,2
3273,2
3274,1
3275,1
3276,1
3277,3
3278,1
3279,2
3280,3
3281,2
3282,2
3283,3
3284,1
3285,3
3286,3
3287,3
3288,1
3289,1
3290,1
3291,1
3292,3
3293,3
3294,2
3295,1
3296,2
3297,3
3298,1
3299,1
3300,1
3301,2
3302,3
3303,3
3304,1
3305,1
3306,3
3307,1
3308,1
3309,1
3310,1
3311,1
3312,1
3313,1
3314,1
3315,3
3316,1
3317,3
3318,3
3319,2
3320,1
3321,3
3322,2
3323,1
3324,2
3325,2
3326,1
3327,1
3328,1
3329,3
3330,1
3331,1
3332,2
3333,1
3334,1
3335,3
3336,3
3337,2
3338,1
3339,1
3340,1
3341,1
3342,1
3343,2
3344,3
3345,2
3346,3
3347,1
3348,2
3349,2
3350,2
3351,1
3352,2
3353,1
3354,1
3355,1
3356,1
3357,1
3358,2
3359,1
3360,2
3361,3
3362,1
3363,3
3364,3
3365,3
3366,2
3367,1
3368,3
3369,2
3370,1
3371,3
3372,1
3373,3
3374,1
3375,3
3376,2
3377,2
3378,3
3379,1
3380,2
3381,3
3382,1
3383,2
3384,3
3385,1
3386,1
3387,2
3388,3
3389,1
3390,3
3391,2
3392,2
3393,3
3394,1
3395,1
3396,2
3397,3
3398,1
3399,2
3400,1
3401,1
3402,1
3403,1
3404,2
3405,1
3406,2
3407,3
3408,1
3409,2
3410,1
3411,3
3412,3
3413,3
3414,2
3415,1
3416,2
3417,1
3418,3
3419,1
3420,3
3421,3
3422,1
3423,1
3424,1
3425,3
3426,2
3427,1
3428,1
3429,2
3430,1
3431,1
3432,2
3433,1
3434,1
3435,3
3436,1
3437,1
3438,1
3439,3
3440,2
3441,1
3442,3
3443,2
3444,3
3445,3
3446,2
3447,1
3448,2
3449,3
3450,1
3451,1
3452,2
3453,1
3454,1
3455,2
3456,1
3457,1
3458,1
3459,1
3460,1
3461,1
3462,2
3463,3
3464,3
3465,1
3466,3
3467,3
3468,3
3469,1
3470,3
3471,3
3472,2
3473,3
3474,2
3475,1
3476,3
3477,1
3478,1
3479,2
3480,2
3481,3
3482,1
3483,2
3484,3
3485,1
3486,3
3487,2
3488,1
3489,3
3490,1
3491,1
3492,2
3493,3
3494,3
3495,2
3496,1
3497,3
3498,1
3499,1
3500,1
3501,1
3502,3
3503,3
3504,3
3505,2
3506,2
3507,3
3508,1
3509,1
3510,3
3511,3
3512,2
3513,3
3514,2
3515,1
3516,1
3517,1
3518,1
3519,3
3520,3
3521,1
3522,3
3523,3
3524,3
3525,1
3526,3
3527,1
3528,3
3529,1
3530,3
3531,3
3532,1
3533,1
3534,3
3535,2
3536,1
3537,3
3538,1
3539,2
3540,2
3541,3
3542,3
3543,1
3544,3
3545,1
3546,1
3547,1
3548,1
3549,1
3550,1
3551,1
3552,2
3553,2
3554,1
3555,1
3556,3
3557,2
3558,2
3559,2
3560,1
3561,3
3562,1
3563,2
3564,3
3565,3
3566,3
3567,3
3568,1
3569,1
3570,2
3571,3
3572,1
3573,1
3574,2
3575,2
3576,3
3577,1
3578,1
3579,1
3580,3
3581,2
3582,3
3583,1
3584,2
3585,1
3586,2
3587,2
3588,1
3589,2
3590,2
3591,3
3592,2
3593,1
3594,3
3595,3
3596,1
3597,2
3598,3
3599,3
3600,3
3601,1
3602,3
3603,1
3604,2
3605,2
3606,1
3607,3
3608,1
3609,3
3610,1
3611,3
3612,1
3613,1
3614,3
3615,1
3616,1
3617,1
3618,1
3619,2
3620,2
3621,2
3622,2
3623,1
3624,1
3625,1
3626,1
3627,3
3628,3
3629,2
3630,1
3631,2
3632,2
3633,2
3634,1
3635,2
3636,2
3637,1
3638,3
3639,1
3640,3
3641,1
3642,3
3643,1
3644,3
3645,1
3646,3
3647,3
3648,1
3649,1
3650,3
3651,3
3652,3
3653,3
3654,3
3655,1
3656,2
3657,3
3658,2
3659,1
3660,3
3661,1
3662,3
3663,2
3664,1
3665,2
3666,3
3667,2
3668,2
3669,3
3670,3
3671,1
3672,1
3673,3
3674,1
3675,2
3676,2
3677,3
3678,3
3679,2
3680,2
3681,1
3682,1
3683,2
3684,1
3685,3
3686,3
3687,1
3688,1
3689,3
3690,1
3691,3
3692,1
3693,3
3694,2
3695,3
3696,3
3697,1
3698,1
3699,1
3700,2
3701,3
3702,1
3703,3
3704,3
3705,3
3706,1
3707,1
3708,1
3709,3
3710,2
3711,1
3712,1
3713,2
3714,1
3715,1
3716,2
3717,2
3718,2
3719,3
3720,1
3721,2
3722,3
3723,3
3724,1
3725,1
3726,3
3727,3
3728,1
3729,1
3730,2
3731,2
3732,1
3733,1
3734,2
3735,1
3736,1
3737,3
3738,1
3739,1
3740,1
3741,1
3742,1
3743,1
3744,2
3745,3
3746,2
3747,2
3748,1
3749,1
3750,1
3751,2
3752,1
3753,3
3754,1
3755,1
3756,3
3757,1
3758,1
3759,2
3760,2
3761,1
3762,3
3763,1
3764,2
3765,1
3766,3
3767,2
3768,2
3769,3
3770,1
3771,2
3772,2
3773,1
3774,1
3775,2
3776,1
3777,2
3778,3
3779,1
3780,2
3781,2
3782,3
3783,1
3784,3
3785,3
3786,3
3787,2
3788,2
3789,1
3790,3
3791,3
3792,3
3793,1
3794,2
3795,1
3796,3
3797,1
3798,3
3799,1
3800,1
3801,1
3802,1
3803,1
3804,2
3805,2
3806,1
3807,1
3808,2
3809,1
3810,2
3811,1
3812,3
3813,1
3814,3
3815,1
3816,3
3817,1
3818,1
3819,3
3820,2
3821,3
3822,3
3823,2
3824,2
3825,2
3826,1
3827,3
3828,1
3829,1
3830,3
3831,1
3832,3
3833,3
3834,3
3835,1
3836,3
3837,3
3838,1
3839,2
3840,1
3841,2
3842,2
3843,3
3844,2
3845,2
3846,1
3847,3
3848,2
3849,3
3850,2
3851,2
3852,3
3853,2
3854,3
3855,1
3856,2
3857,1
3858,1
3859,3
3860,2
3861,2
3862,2
3863,2
3864,3
3865,1
3866,3
3867,1
3868,3
3869,2
3870,1
3871,1
3872,3
3873,1
3874,2
3875,3
3876,1
3877,2
3878,2
3879,3
3880,3
3881,1
3882,3
3883,2
3884,1
3885,2
3886,3
3887,3
3888,1
3889,1
3890,1
3891,3
3892,3
3893,3
3894,2
3895,3
3896,1
3897,1
3898,2
3899,3
3900,2
3901,2
3902,2
3903,3
3904,2
3905,2
3906,2
3907,1
3908,2
3909,1
3910,2
3911,1
3912,2
3913,3
3914,2
3915,1
3916,2
3917,2
3918,1
3919,3
3920,2
3921,3
3922,2
3923,2
3924,2
3925,2
3926,1
3927,3
3928,3
3929,3
3930,1
3931,1
3932,2
3933,2
3934,2
3935,2
3936,1
3937,1
3938,3
3939,3
3940,3
3941,1
3942,1
3943,1
3944,2
3945,2
3946,2
3947,3
3948,1
3949,2
3950,2
3951,1
3952,1
3953,1
3954,2
3955,1
3956,2
3957,1
3958,1
3959,1
3960,1
3961,2
3962,1
3963,1
3964,1
3965,2
3966,2
3967,3
3968,1
3969,1
3970,2
3971,2
3972,2
3973,2
3974,2
3975,3
3976,1
3977,1
3978,1
3979,1
3980,1
3981,3
3982,2
3983,1
3984,1
3985,3
3986,2
3987,3
3988,2
3989,1
3990,1
3991,1
3992,1
3993,3
3994,1
3995,1
3996,3
3997,2
3998,1
3999,3
4000,3
4001,1
4002,3
4003,2
4004,3
4005,2
4006,1
4007,1
4008,3
4009,3
4010,1
4011,3
4012,2
4013,3
4014,3
4015,1
4016,3
4017,3
4018,1
4019,3
4020,2
4021,1
4022,2
4023,1
4024,1
4025,2
4026,2
4027,2
4028,3
4029,1
4030,3
4031,1
4032,2
4033,1
4034,2
4035,3
4036,3
4037,1
4038,2
4039,1
4040,1
4041,1
4042,1
4043,3
4044,3
4045,1
4046,3
4047,3
4048,3
4049,1
4050,1
4051,2
4052,1
4053,1
4054,1
4055,2
4056,1
4057,1
4058,1
4059,3
4060,2
4061,2
4062,1
4063,3
4064,1
4065,2
4066,1
4067,1
4068,3
4069,2
4070,2
4071,1
4072,3
4073,1
4074,1
4075,2
4076,2
4077,1
4078,3
4079,1
4080,1
4081,3
4082,2
4083,3
4084,1
4085,1
4086,1
4087,3
4088,2
4089,3
4090,1
4091,1
4092,2
4093,2
4094,3
4095,1
4096,1
4097,2
4098,1
4099,3
4100,3
4101,2
4102,3
4103,2
4104,2
4105,1
4106,1
4107,1
4108,2
4109,3
4110,1
4111,1
4112,3
4113,3
4114,2
4115,2
4116,1
4117,3
4118,2
4119,1
4120,2
4121,1
4122,2
4123,1
4124,1
4125,3
4126,2
4127,1
4128,3
4129,3
4130,2
4131,1
4132,2
4133,3
4134,2
4135,3
4136,1
4137,1
4138,1
4139,1
4140,3
4141,3
4142,2
4143,1
4144,3
4145,1
4146,2
4147,1
4148,2
4149,1
4150,1
4151,1
4152,2
4153,1
4154,2
4155,3
4156,2
4157,1
4158,3
4159,2
4160,1
4161,1
4162,1
4163,1
4164,2
4165,3
4166,1
4167,1
4168,1
4169,3
4170,2
4171,3
4172,1
4173,1
4174,2
4175,2
4176,3
4177,1
4178,1
4179,2
4180,1
4181,1
4182,1
4183,2
4184,1
4185,3
4186,1
4187,3
4188,1
4189,2
4190,3
4191,2
4192,3
4193,3
4194,3
4195,1
4196,1
4197,2
4198,1
4199,1
4200,1
4201,2
4202,3
4203,3
4204,1
4205,1
4206,1
4207,2
4208,3
4209,1
4210,1
4211,2
4212,2
4213,2
4214,3
4215,2
4216,3
4217,2
4218,1
4219,3
4220,1
4221,2
4222,3
4223,1
4224,2
4225,3
4226,3
4227,1
4228,1
4229,1
4230,1
4231,3
4232,1
4233,2
4234,3
4235,1
4236,3
4237,3
4238,1
4239,2
4240,1
4241,1
4242,3
4243,1
4244,3
4245,2
4246,3
4247,3
4248,2
4249,1
4250,1
4251,1
4252,2
4253,2
4254,1
4255,3
4256,1
4257,1
4258,1
4259,2
4260,3
4261,3
4262,1
4263,2
4264,1
4265,1
4266,2
4267,2
4268,1
4269,3
4270,1
4271,1
4272,3
4273,3
4274,3
4275,3
4276,3
4277,2
4278,3
4279,1
4280,3
4281,1
4282,3
4283,1
4284,1
4285,3
4286,1
4287,3
4288,2
4289,1
4290,1
4291,1
4292,1
4293,1
4294,3
4295,1
4296,3
4297,2
4298,2
4299,2
4300,2
4301,1
4302,3
4303,1
4304,1
4305,3
4306,3
4307,1
4308,3
4309,1
4310,1
4311,3
4312,1
4313,1
4314,1
4315,3
4316,3
4317,1
4318,1
4319,3
4320,1
4321,1
4322,2
4323,2
4324,2
4325,1
4326,3
4327,2
4328,1
4329,2
4330,1
4331,3
4332,3
4333,2
4334,1
4335,1
4336,1
4337,3
4338,3
4339,3
4340,3
4341,3
4342,3
4343,3
4344,1
4345,3
4346,3
4347,1
4348,1
4349,3
4350,1
4351,2
4352,2
4353,3
4354,3
4355,1
4356,1
4357,1
4358,1
4359,2
4360,1
4361,1
4362,3
4363,2
4364,1
4365,2
4366,3
4367,2
4368,2
4369,1
4370,2
4371,2
4372,2
4373,2
4374,3
4375,3
4376,3
4377,1
4378,1
4379,1
4380,3
4381,2
4382,3
4383,3
4384,3
4385,1
4386,2
4387,1
4388,1
4389,3
4390,3
4391,1
4392,1
4393,1
4394,3
4395,1
4396,1
4397,3
4398,1
4399,3
4400,3
4401,1
4402,1
4403,1
4404,1
4405,2
4406,1
4407,3
4408,3
4409,3
4410,1
4411,1
4412,1
4413,1
4414,1
4415,2
4416,3
4417,2
4418,2
4419,1
4420,1
4421,2
4422,2
4423,2
4424,3
4425,1
4426,3
4427,2
4428,1
4429,3
4430,2
4431,2
4432,2
4433,1
4434,1
4435,1
4436,3
4437,3
4438,3
4439,1
4440,1
4441,2
4442,3
4443,1
4444,1
4445,1
4446,3
4447,1
4448,1
4449,2
4450,1
4451,3
4452,2
4453,3
4454,2
4455,2
4456,3
4457,1
4458,1
4459,1
4460,1
4461,2
4462,2
4463,2
4464,3
4465,3
4466,3
4467,1
4468,2
4469,2
4470,2
4471,3
4472,2
4473,1
4474,1
4475,1
4476,1
4477,2
4478,3
4479,3
4480,3
4481,1
4482,3
4483,1
4484,3
4485,2
4486,1
4487,3
4488,2
4489,1
4490,2
4491,3
4492,2
4493,1
4494,3
4495,1
4496,1
4497,1
4498,1
4499,1
4500,1
4501,1
4502,1
4503,3
4504,2
4505,2
4506,2
4507,1
4508,3
4509,2
4510,3
4511,1
4512,3
4513,3
4514,2
4515,2
4516,2
4517,3
4518,3
4519,2
4520,1
4521,3
4522,1
4523,2
4524,3
4525,2
4526,2
4527,3
4528,3
4529,2
4530,3
4531,1
4532,3
4533,1
4534,1
4535,2
4536,3
4537,1
4538,1
4539,2
4540,1
4541,2
4542,2
4543,3
4544,2
4545,1
4546,2
4547,2
4548,1
4549,3
4550,2
4551,1
4552,2
4553,1
4554,1
4555,1
4556,3
4557,2
4558,3
4559,1
4560,1
4561,2
4562,1
4563,3
4564,2
4565,1
4566,3
4567,1
4568,2
4569,3
4570,3
4571,1
4572,2
4573,3
4574,3
4575,1
4576,3
4577,3
4578,2
4579,3
4580,3
4581,3
4582,3
4583,1
4584,2
4585,1
4586,2
4587,3
4588,2
4589,3
4590,3
4591,1
4592,1
4593,1
4594,1
4595,3
4596,3
4597,1
4598,2
4599,1
4600,1
4601,1
4602,1
4603,1
4604,2
4605,1
4606,1
4607,3
4608,3
4609,1
4610,2
4611,2
4612,3
4613,2
4614,2
4615,1
4616,2
4617,2
4618,1
4619,2
4620,3
4621,2
4622,1
4623,3
4624,1
4625,3
4626,3
4627,1
4628,3
4629,3
4630,3
4631,1
4632,3
4633,2
4634,2
4635,1
4636,2
4637,3
4638,2
4639,3
4640,1
4641,1
4642,1
4643,3
4644,1
4645,1
4646,3
4647,3
4648,3
4649,1
4650,1
4651,3
4652,2
4653,1
4654,1
4655,3
4656,2
4657,2
4658,1
4659,2
4660,1
4661,1
4662,1
4663,2
4664,2
4665,1
4666,1
4667,2
4668,1
4669,1
4670,1
4671,2
4672,2
4673,3
4674,1
4675,1
4676,3
4677,1
4678,1
4679,2
4680,2
4681,1
4682,2
4683,1
4684,2
4685,1
4686,1
4687,1
4688,1
4689,2
4690,2
4691,1
4692,1
4693,1
4694,1
4695,1
4696,1
4697,2
4698,2
4699,1
4700,1
4701,1
4702,3
4703,2
4704,1
4705,2
4706,1
4707,2
4708,1
4709,2
4710,3
4711,1
4712,3
4713,2
4714,3
4715,2
4716,1
4717,3
4718,3
4719,3
4720,2
4721,1
4722,3
4723,2
4724,1
4725,1
4726,2
4727,2
4728,3
4729,1
4730,1
4731,1
4732,1
4733,2
4734,1
4735,3
4736,1
4737,2
4738,1
4739,3
4740,3
4741,1
4742,1
4743,1
4744,1
4745,1
4746,1
4747,3
4748,3
4749,2
4750,1
4751,1
4752,2
4753,1
4754,2
4755,3
4756,3
4757,1
4758,1
4759,1
4760,3
4761,3
4762,1
4763,2
4764,1
4765,2
4766,1
4767,3
4768,1
4769,3
4770,1
4771,3
4772,1
4773,1
4774,2
4775,1
4776,1
4777,1
4778,1
4779,1
4780,3
4781,1
4782,3
4783,3
4784,1
4785,3
4786,1
4787,3
4788,1
4789,1
4790,1
4791,1
4792,1
4793,2
4794,1
4795,2
4796,1
4797,3
4798,3
4799,1
4800,2
4801,2
4802,3
4803,2
4804,2
4805,1
4806,2
4807,3
4808,3
4809,2
4810,3
4811,3
4812,3
4813,3
4814,3
4815,2
4816,3
4817,2
4818,1
4819,3
4820,3
4821,3
4822,3
4823,3
4824,1
4825,1
4826,1
4827,1
4828,2
4829,2
4830,2
4831,2
4832,3
4833,1
4834,3
4835,1
4836,3
4837,1
4838,2
4839,2
4840,2
4841,1
4842,1
4843,1
4844,1
4845,3
4846,1
4847,3
4848,2
4849,3
4850,3
4851,3
4852,2
4853,3
4854,3
4855,1
4856,1
4857,1
4858,2
4859,2
4860,3
4861,2
4862,3
4863,1
4864,1
4865,1
4866,1
4867,1
4868,1
4869,1
4870,1
4871,2
4872,1
4873,1
4874,2
4875,3
4876,3
4877,3
4878,1
4879,1
4880,2
4881,2
4882,2
4883,3
4884,3
4885,3
4886,2
4887,3
4888,1
4889,1
4890,3
4891,1
4892,3
4893,3
4894,2
4895,1
4896,3
4897,1
4898,1
4899,1
4900,2
4901,2
4902,2
4903,2
4904,3
4905,3
4906,3
4907,2
4908,1
4909,1
4910,2
4911,3
4912,2
4913,3
4914,3
4915,2
4916,1
4917,2
4918,1
4919,1
4920,1
4921,1
4922,2
4923,1
4924,1
4925,1
4926,1
4927,3
4928,2
4929,2
4930,2
4931,3
4932,1
4933,1
4934,1
4935,1
4936,1
4937,3
4938,2
4939,3
4940,3
4941,1
4942,3
4943,2
4944,1
4945,1
4946,3
4947,2
4948,3
4949,1
4950,3
4951,3
4952,2
4953,3
4954,1
4955,3
4956,3
4957,1
4958,3
4959,2
4960,2
4961,1
4962,3
4963,1
4964,1
4965,3
4966,1
4967,1
4968,1
4969,1
4970,1
4971,2
4972,2
4973,1
4974,2
4975,2
4976,3
4977,3
4978,1
4979,1
4980,1
4981,3
4982,2
4983,3
4984,2
4985,1
4986,1
4987,1
4988,1
4989,2
4990,1
4991,1
4992,3
4993,2
4994,1
4995,1
4996,1
4997,1
4998,1
4999,3
5000,3
5001,2
5002,2
5003,1
5004,2
5005,2
5006,1
5007,1
5008,3
5009,2
5010,1
5011,3
5012,2
5013,1
5014,1
5015,1
5016,1
5017,3
5018,1
5019,3
5020,2
5021,1
5022,1
5023,3
5024,1
5025,3
5026,3
5027,2
5028,3
5029,3
5030,1
5031,3
5032,1
5033,2
5034,2
5035,1
5036,3
5037,1
5038,3
5039,2
5040,1
5041,1
5042,1
5043,2
5044,1
5045,2
5046,1
5047,1
5048,2
5049,2
5050,3
5051,1
5052,1
5053,3
5054,3
5055,1
5056,1
5057,2
5058,1
5059,3
5060,1
5061,2
5062,2
5063,1
5064,3
5065,2
5066,3
5067,3
5068,2
5069,1
5070,1
5071,3
5072,1
5073,2
5074,1
5075,1
5076,2
5077,1
5078,2
5079,3
5080,1
5081,1
5082,1
5083,1
5084,1
5085,2
5086,3
5087,3
5088,3
5089,1
5090,1
5091,3
5092,2
5093,1
5094,2
5095,2
5096,3
5097,2
5098,1
5099,3
5100,2
5101,1
5102,3
5103,1
5104,1
5105,3
5106,1
5107,1
5108,1
5109,3
5110,3
5111,1
5112,3
5113,1
5114,3
5115,1
5116,1
5117,3
5118,3
5119,2
5120,1
5121,1
5122,3
5123,1
5124,2
5125,3
5126,3
5127,2
5128,2
5129,3
5130,2
5131,1
5132,1
5133,3
5134,1
5135,2
5136,1
5137,3
5138,3
5139,3
5140,2
5141,2
5142,2
5143,3
5144,2
5145,1
5146,3
5147,3
5148,1
5149,1
5150,1
5151,3
5152,2
5153,2
5154,3
5155,1
5156,1
5157,1
5158,1
5159,2
5160,3
5161,1
5162,1
5163,3
5164,3
5165,3
5166,2
5167,2
5168,2
5169,2
5170,2
5171,1
5172,1
5173,2
5174,1
5175,2
5176,3
5177,1
5178,2
5179,3
5180,1
5181,3
5182,3
5183,1
5184,1
5185,1
5186,2
5187,1
5188,2
5189,2
5190,1
5191,1
5192,1
5193,1
5194,1
5195,1
5196,2
5197,1
5198,3
5199,2
5200,1
5201,3
5202,1
5203,1
5204,3
5205,1
5206,3
5207,1
5208,1
5209,1
5210,1
5211,3
5212,1
5213,1
5214,1
5215,3
5216,1
5217,1
5218,2
5219,2
5220,1
5221,3
5222,2
5223,2
5224,2
5225,1
5226,2
5227,3
5228,3
5229,1
5230,1
5231,1
5232,3
5233,1
5234,1
5235,1
5236,2
5237,1
5238,3
5239,3
5240,1
5241,1
5242,1
5243,3
5244,2
5245,3
5246,3
5247,3
5248,2
5249,2
5250,2
5251,1
5252,1
5253,3
5254,1
5255,3
5256,1
5257,1
5258,3
5259,1
5260,3
5261,1
5262,3
5263,1
5264,1
5265,3
5266,1
5267,1
5268,3
5269,2
5270,3
5271,3
5272,1
5273,1
5274,1
5275,2
5276,1
5277,3
5278,1
5279,1
5280,3
5281,1
5282,2
5283,1
5284,3
5285,3
5286,3
5287,2
5288,3
5289,1
5290,3
5291,1
5292,2
5293,2
5294,1
5295,1
5296,1
5297,2
5298,1
5299,3
5300,3
5301,2
5302,2
5303,2
5304,1
5305,1
5306,1
5307,3
5308,1
5309,1
5310,3
5311,1
5312,3
5313,3
5314,1
5315,3
5316,1
5317,2
5318,3
5319,3
5320,1
5321,1
5322,1
5323,1
5324,2
5325,3
5326,3
5327,2
5328,1
5329,1
5330,1
5331,3
5332,1
5333,3
5334,1
5335,2
5336,1
5337,3
5338,3
5339,3
5340,2
5341,1
5342,3
5343,2
5344,2
5345,2
5346,1
5347,3
5348,2
5349,1
5350,2
5351,1
5352,1
5353,3
5354,2
5355,2
5356,2
5357,3
5358,2
5359,2
5360,1
5361,2
5362,3
5363,1
5364,2
5365,1
5366,3
5367,1
5368,2
5369,3
5370,3
5371,3
5372,1
5373,2
5374,2
5375,2
5376,2
5377,1
5378,2
5379,3
5380,3
5381,3
5382,1
5383,2
5384,3
5385,1
5386,3
5387,1
5388,3
5389,2
5390,1
5391,2
5392,3
5393,2
5394,1
5395,1
5396,1
5397,3
5398,1
5399,2
5400,3
5401,3
5402,1
5403,3
5404,2
5405,3
5406,3
5407,2
5408,2
5409,1
5410,3
5411,2
5412,1
5413,2
5414,3
5415,2
5416,2
5417,2
5418,2
5419,1
5420,3
5421,2
5422,2
5423,1
5424,1
5425,1
5426,1
5427,2
5428,1
5429,3
5430,2
5431,1
5432,1
5433,3
5434,2
5435,2
5436,3
5437,2
5438,1
5439,3
5440,3
5441,3
5442,2
5443,1
5444,1
5445,1
5446,3
5447,3
5448,2
5449,2
5450,2
5451,3
5452,1
5453,2
5454,3
5455,1
5456,2
5457,2
5458,1
5459,2
5460,2
5461,1
5462,1
5463,1
5464,2
5465,1
5466,1
5467,2
5468,1
5469,1
5470,2
5471,1
5472,1
5473,1
5474,3
5475,2
5476,3
5477,3
5478,1
5479,3
5480,1
5481,3
5482,3
5483,2
5484,1
5485,1
5486,1
5487,1
5488,1
5489,1
5490,2
5491,3
5492,2
5493,3
5494,2
5495,1
5496,1
5497,3
5498,1
5499,1
5500,1
5501,1
5502,3
5503,1
5504,2
5505,2
5506,2
5507,2
5508,1
5509,3
5510,2
5511,1
5512,3
5513,1
5514,2
5515,1
5516,1
5517,1
5518,1
5519,3
5520,1
5521,1
5522,3
5523,3
5524,1
5525,3
5526,3
5527,3
5528,2
5529,3
5530,1
5531,1
5532,3
5533,2
5534,3
5535,2
5536,1
5537,1
5538,2
5539,2
5540,1
5541,3
5542,1
5543,1
5544,1
5545,3
5546,1
5547,2
5548,1
5549,3
5550,3
5551,1
5552,3
5553,1
5554,1
5555,1
5556,1
5557,2
5558,1
5559,1
5560,2
5561,1
5562,1
5563,3
5564,1
5565,2
5566,1
5567,2
5568,3
5569,3
5570,1
5571,2
5572,2
5573,2
5574,2
5575,1
5576,1
5577,3
5578,3
5579,2
5580,1
5581,2
5582,2
5583,1
5584,3
5585,1
5586,1
5587,1
5588,1
5589,1
5590,3
5591,2
5592,1
5593,3
5594,3
5595,3
5596,3
5597,2
5598,1
5599,1
5600,1
5601,3
5602,1
5603,1
5604,2
5605,1
5606,3
5607,1
5608,3
5609,1
5610,2
5611,1
5612,3
5613,3
5614,2
5615,2
5616,1
5617,3
5618,2
5619,2
5620,1
5621,3
5622,1
5623,1
5624,1
5625,1
5626,2
5627,1
5628,3
5629,1
5630,1
5631,1
5632,2
5633,1
5634,3
5635,2
5636,2
5637,3
5638,2
5639,1
5640,2
5641,3
5642,2
5643,2
5644,1
5645,2
5646,1
5647,2
5648,2
5649,2
5650,1
5651,1
5652,3
5653,3
5654,2
5655,3
5656,2
5657,2
5658,1
5659,2
5660,1
5661,1
5662,3
5663,1
5664,3
5665,2
5666,3
5667,1
5668,1
5669,3
5670,2
5671,1
5672,1
5673,1
5674,1
5675,1
5676,3
5677,2
5678,1
5679,2
5680,1
5681,3
5682,3
5683,1
5684,3
5685,3
5686,3
5687,2
5688,1
5689,1
5690,1
5691,2
5692,1
5693,3
5694,2
5695,1
5696,1
5697,3
5698,1
5699,2
5700,2
5701,1
5702,1
5703,3
5704,1
5705,3
5706,1
5707,2
5708,2
5709,1
5710,2
5711,2
5712,1
5713,3
5714,3
5715,2
5716,1
5717,3
5718,2
5719,1
5720,1
5721,1
5722,2
5723,3
5724,2
5725,3
5726,2
5727,1
5728,1
5729,1
5730,3
5731,1
5732,1
5733,3
5734,2
5735,2
5736,1
5737,3
5738,3
5739,3
5740,1
5741,1
5742,3
5743,3
5744,3
5745,3
5746,1
5747,1
5748,2
5749,2
5750,1
5751,1
5752,3
5753,3
5754,1
5755,1
5756,3
5757,3
5758,3
5759,1
5760,1
5761,1
5762,2
5763,1
5764,3
5765,1
5766,1
5767,2
5768,1
5769,3
5770,1
5771,3
5772,3
5773,1
5774,2
5775,1
5776,1
5777,2
5778,2
5779,1
5780,1
5781,2
5782,1
5783,1
5784,3
5785,1
5786,3
5787,2
5788,1
5789,2
5790,3
5791,1
5792,2
5793,3
5794,3
5795,1
5796,1
5797,1
5798,1
5799,1
5800,1
5801,2
5802,1
5803,2
5804,1
5805,1
5806,3
5807,1
5808,2
5809,2
5810,1
5811,2
5812,1
5813,3
5814,3
5815,3
5816,1
5817,1
5818,1
5819,2
5820,3
5821,2
5822,3
5823,3
5824,3
5825,2
5826,2
5827,2
5828,2
5829,1
5830,3
5831,1
5832,2
5833,3
5834,2
5835,1
5836,1
5837,3
5838,3
5839,1
5840,3
5841,1
5842,1
5843,3
5844,2
5845,1
5846,2
5847,2
5848,3
5849,3
5850,1
5851,3
5852,3
5853,1
5854,1
5855,2
5856,2
5857,1
5858,1
5859,1
5860,1
5861,2
5862,1
5863,3
5864,3
5865,1
5866,1
5867,1
5868,2
5869,2
5870,1
5871,3
5872,3
5873,2
5874,3
5875,2
5876,3
5877,1
5878,3
5879,2
5880,1
5881,2
5882,1
5883,2
5884,1
5885,2
5886,1
5887,1
5888,2
5889,1
5890,2
5891,3
5892,1
5893,1
5894,2
5895,3
5896,1
5897,3
5898,1
5899,2
5900,3
5901,2
5902,2
5903,1
5904,1
5905,1
5906,2
5907,1
5908,3
5909,2
5910,1
5911,1
5912,2
5913,3
5914,1
5915,1
5916,2
5917,1
5918,1
5919,3
5920,1
5921,1
5922,1
5923,3
5924,2
5925,3
5926,3
5927,2
5928,1
5929,1
5930,3
5931,1
5932,1
5933,1
5934,3
5935,2
5936,3
5937,3
5938,3
5939,3
5940,2
5941,2
5942,3
5943,2
5944,1
5945,1
5946,1
5947,1
5948,1
5949,2
5950,3
5951,1
5952,1
5953,2
5954,2
5955,2
5956,3
5957,1
5958,3
5959,2
5960,1
5961,2
5962,3
5963,3
5964,3
5965,3
5966,2
5967,1
5968,1
5969,2
5970,1
5971,1
5972,3
5973,1
5974,3
5975,1
5976,2
5977,3
5978,2
5979,2
5980,3
5981,2
5982,1
5983,3
5984,1
5985,3
5986,1
5987,3
5988,1
5989,1
5990,3
5991,1
5992,3
5993,2
5994,3
5995,3
5996,3
5997,2
5998,2
5999,1
6000,2
6001,3
6002,2
6003,1
6004,2
6005,1
6006,2
6007,1
6008,1
6009,1
6010,2
6011,1
6012,2
6013,1
6014,1
6015,3
6016,2
6017,1
6018,1
6019,1
6020,1
6021,1
6022,1
6023,1
6024,2
6025,2
6026,2
6027,1
6028,2
6029,1
6030,2
6031,2
6032,3
6033,3
6034,3
6035,1
6036,3
6037,3
6038,2
6039,2
6040,2
6041,1
6042,2
6043,2
6044,3
6045,2
6046,2
6047,3
6048,2
6049,2
6050,2
6051,1
6052,3
6053,3
6054,1
6055,1
6056,2
6057,1
6058,2
6059,1
6060,1
6061,2
6062,2
6063,1
6064,2
6065,1
6066,1
6067,1
6068,3
6069,2
6070,2
6071,3
6072,1
6073,3
6074,2
6075,2
6076,2
6077,3
6078,2
6079,1
6080,1
6081,2
6082,2
6083,2
6084,2
6085,3
6086,1
6087,1
6088,1
6089,1
6090,2
6091,2
6092,1
6093,2
6094,1
6095,3
6096,1
6097,1
6098,1
6099,1
6100,1
6101,2
6102,1
6103,1
6104,1
6105,3
6106,1
6107,3
6108,2
6109,2
6110,1
6111,1
6112,1
6113,1
6114,2
6115,1
6116,2
6117,1
6118,1
6119,1
6120,3
6121,1
6122,1
6123,1
6124,1
6125,1
6126,1
6127,3
6128,1
6129,1
6130,3
6131,2
6132,3
6133,1
6134,3
6135,2
6136,3
6137,3
6138,1
6139,1
6140,1
6141,2
6142,3
6143,1
6144,1
6145,1
6146,3
6147,3
6148,3
6149,3
6150,1
6151,1
6152,1
6153,1
6154,1
6155,1
6156,2
6157,3
6158,3
6159,1
6160,1
6161,1
6162,3
6163,2
6164,3
6165,3
6166,2
6167,1
6168,1
6169,2
6170,3
6171,1
6172,2
6173,3
6174,1
6175,1
6176,2
6177,3
6178,2
6179,3
6180,1
6181,2
6182,2
6183,2
6184,1
6185,1
6186,2
6187,1
6188,2
6189,3
6190,3
6191,1
6192,1
6193,1
6194,3
6195,2
6196,1
6197,3
6198,2
6199,2
6200,1
6201,2
6202,3
6203,2
6204,1
6205,1
6206,3
6207,1
6208,2
6209,3
6210,1
6211,3
6212,1
6213,3
6214,1
6215,1
6216,3
6217,1
6218,1
6219,1
6220,2
6221,3
6222,3
6223,3
6224,1
6225,1
6226,1
6227,2
6228,3
6229,1
6230,1
6231,3
6232,3
6233,2
6234,3
6235,3
6236,1
6237,3
6238,1
6239,2
6240,1
6241,1
6242,3
6243,2
6244,1
6245,1
6246,2
6247,2
6248,2
6249,1
6250,2
6251,1
6252,2
6253,1
6254,1
6255,3
6256,2
6257,1
6258,1
6259,3
6260,1
6261,1
6262,1
6263,1
6264,2
6265,2
6266,3
6267,1
6268,2
6269,3
6270,1
6271,2
6272,1
6273,1
6274,3
6275,1
6276,2
6277,3
6278,3
6279,1
6280,1
6281,1
6282,1
6283,1
6284,1
6285,1
6286,1
6287,1
6288,1
6289,1
6290,1
6291,2
6292,3
6293,1
6294,3
6295,1
6296,2
6297,1
6298,2
6299,3
6300,1
6301,3
6302,3
6303,1
6304,1
6305,2
6306,3
6307,2
6308,1
6309,3
6310,1
6311,3
6312,1
6313,1
6314,1
6315,2
6316,1
6317,1
6318,1
6319,1
6320,2
6321,3
6322,3
6323,1
6324,3
6325,1
6326,2
6327,1
6328,3
6329,3
6330,1
6331,1
6332,1
6333,3
6334,2
6335,1
6336,1
6337,3
6338,1
6339,1
6340,1
6341,1
6342,3
6343,1
6344,1
6345,1
6346,1
6347,2
6348,2
6349,3
6350,3
6351,1
6352,1
6353,1
6354,2
6355,3
6356,3
6357,3
6358,2
6359,1
6360,1
6361,2
6362,2
6363,3
6364,3
6365,2
6366,1
6367,1
6368,3
6369,1
6370,1
6371,1
6372,2
6373,3
6374,1
6375,2
6376,2
6377,1
6378,1
6379,1
6380,1
6381,1
6382,3
6383,3
6384,3
6385,1
6386,1
6387,1
6388,1
6389,2
6390,2
6391,2
6392,3
6393,2
6394,3
6395,2
6396,2
6397,3
6398,2
6399,3
6400,2
6401,2
6402,2
6403,2
6404,1
6405,2
6406,1
6407,1
6408,3
6409,1
6410,1
6411,3
6412,2
6413,1
6414,1
6415,1
6416,3
6417,3
6418,1
6419,2
6420,2
6421,1
6422,2
6423,1
6424,3
6425,2
6426,1
6427,3
6428,1
6429,1
6430,1
6431,2
6432,2
6433,2
6434,1
6435,3
6436,1
6437,1
6438,1
6439,3
6440,1
6441,2
6442,3
6443,2
6444,3
6445,1
6446,3
6447,1
6448,1
6449,2
6450,3
6451,1
6452,2
6453,1
6454,2
6455,2
6456,1
6457,2
6458,1
6459,2
6460,3
6461,1
6462,3
6463,2
6464,1
6465,3
6466,3
6467,2
6468,2
6469,1
6470,2
6471,1
6472,1
6473,2
6474,1
6475,3
6476,3
6477,1
6478,3
6479,2
6480,1
6481,2
6482,2
6483,1
6484,1
6485,3
6486,3
6487,3
6488,3
6489,1
6490,3
6491,3
6492,1
6493,3
6494,1
6495,3
6496,3
6497,3
6498,1
6499,2
6500,1
6501,2
6502,3
6503,2
6504,1
6505,2
6506,1
6507,3
6508,2
6509,1
6510,1
6511,3
6512,3
6513,1
6514,1
6515,1
6516,1
6517,1
6518,1
6519,2
6520,2
6521,3
6522,2
6523,1
6524,2
6525,3
6526,1
6527,2
6528,3
6529,1
6530,1
6531,3
6532,3
6533,2
6534,1
6535,2
6536,3
6537,2
6538,1
6539,2
6540,1
6541,2
6542,1
6543,1
6544,1
6545,1
6546,3
6547,1
6548,2
6549,1
6550,1
6551,3
6552,2
6553,1
6554,1
6555,1
6556,1
6557,1
6558,3
6559,2
6560,2
6561,1
6562,1
6563,3
6564,1
6565,2
6566,1
6567,1
6568,3
6569,1
6570,1
6571,3
6572,1
6573,3
6574,2
6575,1
6576,1
6577,3
6578,1
6579,2
6580,1
6581,3
6582,2
6583,2
6584,2
6585,3
6586,1
6587,1
6588,1
6589,2
6590,2
6591,3
6592,1
6593,2
6594,3
6595,3
6596,1
6597,3
6598,3
6599,1
6600,2
6601,1
6602,3
6603,2
6604,2
6605,2
6606,2
6607,2
6608,3
6609,1
6610,3
6611,2
6612,1
6613,1
6614,2
6615,2
6616,1
6617,2
6618,3
6619,1
6620,2
6621,2
6622,3
6623,3
6624,3
6625,1
6626,1
6627,3
6628,1
6629,2
6630,1
6631,1
6632,1
6633,2
6634,1
6635,3
6636,3
6637,1
6638,1
6639,3
6640,2
6641,1
6642,2
6643,1
6644,1
6645,1
6646,3
6647,1
6648,1
6649,1
6650,1
6651,1
6652,3
6653,1
6654,1
6655,1
6656,1
6657,2
6658,3
6659,3
6660,1
6661,1
6662,3
6663,1
6664,1
6665,2
6666,1
6667,1
6668,1
6669,1
6670,2
6671,1
6672,2
6673,3
6674,2
6675,1
6676,1
6677,2
6678,1
6679,2
6680,3
6681,3
6682,3
6683,2
6684,1
6685,1
6686,1
6687,1
6688,2
6689,3
6690,2
6691,3
6692,1
6693,1
6694,2
6695,1
6696,1
6697,1
6698,1
6699,2
6700,1
6701,2
6702,3
6703,3
6704,1
6705,3
6706,1
6707,2
6708,2
6709,3
6710,3
6711,2
6712,1
6713,1
6714,1
6715,1
6716,1
6717,1
6718,2
6719,3
6720,2
6721,3
6722,2
6723,3
6724,3
6725,3
6726,1
6727,2
6728,1
6729,2
6730,2
6731,3
6732,1
6733,2
6734,3
6735,2
6736,1
6737,2
6738,2
6739,1
6740,1
6741,3
6742,1
6743,3
6744,3
6745,1
6746,1
6747,1
6748,3
6749,2
6750,1
6751,3
6752,1
6753,2
6754,1
6755,3
6756,2
6757,2
6758,1
6759,2
6760,3
6761,1
6762,1
6763,3
6764,1
6765,1
6766,1
6767,2
6768,2
6769,2
6770,1
6771,2
6772,2
6773,1
6774,2
6775,1
6776,1
6777,2
6778,1
6779,2
6780,1
6781,1
6782,3
6783,3
6784,1
6785,2
6786,3
6787,2
6788,1
6789,1
6790,3
6791,3
6792,3
6793,3
6794,1
6795,2
6796,1
6797,3
6798,1
6799,1
6800,1
6801,1
6802,3
6803,1
6804,3
6805,2
6806,1
6807,1
6808,3
6809,3
6810,1
6811,3
6812,3
6813,3
6814,1
6815,1
6816,3
6817,3
6818,2
6819,1
6820,3
6821,1
6822,2
6823,1
6824,2
6825,1
6826,1
6827,3
6828,2
6829,3
6830,2
6831,3
6832,3
6833,1
6834,2
6835,3
6836,1
6837,1
6838,1
6839,1
6840,1
6841,1
6842,1
6843,1
6844,1
6845,1
6846,1
6847,1
6848,2
6849,1
6850,2
6851,3
6852,1
6853,1
6854,1
6855,2
6856,1
6857,1
6858,2
6859,3
6860,2
6861,3
6862,3
6863,3
6864,1
6865,2
6866,3
6867,3
6868,2
6869,3
6870,2
6871,3
6872,2
6873,2
6874,2
6875,1
6876,1
6877,2
6878,1
6879,1
6880,1
6881,1
6882,2
6883,2
6884,1
6885,2
6886,1
6887,1
6888,3
6889,1
6890,3
6891,1
6892,1
6893,1
6894,1
6895,2
6896,2
6897,3
6898,3
6899,2
6900,3
6901,2
6902,1
6903,3
6904,3
6905,3
6906,3
6907,3
6908,1
6909,2
6910,2
6911,2
6912,1
6913,1
6914,1
6915,1
6916,3
6917,3
6918,1
6919,1
6920,1
6921,1
6922,2
6923,1
6924,1
6925,1
6926,2
6927,3
6928,2
6929,1
6930,1
6931,1
6932,1
6933,2
6934,3
6935,2
6936,1
6937,3
6938,1
6939,2
6940,1
6941,2
6942,1
6943,2
6944,2
6945,3
6946,3
6947,1
6948,1
6949,1
6950,1
6951,2
6952,1
6953,1
6954,2
6955,2
6956,3
6957,3
6958,1
6959,1
6960,1
6961,1
6962,3
6963,2
6964,3
6965,2
6966,1
6967,2
6968,1
6969,1
6970,3
6971,1
6972,1
6973,1
6974,1
6975,3
6976,1
6977,2
6978,2
6979,3
6980,2
6981,2
6982,3
6983,1
6984,2
6985,1
6986,3
6987,1
6988,1
6989,3
6990,2
6991,3
6992,1
6993,2
6994,1
6995,2
6996,3
6997,1
6998,2
6999,2
7000,1
7001,2
7002,1
7003,1
7004,1
7005,2
7006,1
7007,1
7008,2
7009,1
7010,2
7011,1
7012,1
7013,3
7014,1
7015,3
7016,1
7017,3
7018,2
7019,1
7020,2
7021,2
7022,3
7023,3
7024,1
7025,3
7026,3
7027,2
7028,1
7029,3
7030,2
7031,2
7032,2
7033,3
7034,1
7035,1
7036,3
7037,2
7038,2
7039,1
7040,3
7041,3
7042,2
7043,2
7044,2
7045,2
7046,3
7047,1
7048,3
7049,3
7050,3
7051,1
7052,2
7053,3
7054,1
7055,1
7056,3
7057,1
7058,2
7059,3
7060,2
7061,2
7062,1
7063,1
7064,3
7065,2
7066,2
7067,3
7068,2
7069,3
7070,3
7071,2
7072,2
7073,1
7074,1
7075,3
7076,2
7077,1
7078,2
7079,1
7080,1
7081,3
7082,1
7083,2
7084,1
7085,3
7086,1
7087,3
7088,1
7089,1
7090,3
7091,1
7092,2
7093,1
7094,3
7095,1
7096,3
7097,1
7098,2
7099,2
7100,1
7101,1
7102,1
7103,1
7104,2
7105,1
7106,1
7107,3
7108,2
7109,2
7110,1
7111,1
7112,2
7113,1
7114,3
7115,2
7116,1
7117,2
7118,3
7119,3
7120,3
7121,1
7122,3
7123,1
7124,1
7125,3
7126,1
7127,2
7128,1
7129,1
7130,1
7131,2
7132,1
7133,3
7134,1
7135,1
7136,3
7137,1
7138,2
7139,2
7140,1
7141,1
7142,3
7143,2
7144,1
7145,3
7146,1
7147,1
7148,2
7149,1
7150,2
7151,1
7152,1
7153,1
7154,1
7155,1
7156,1
7157,1
7158,2
7159,1
7160,1
7161,1
7162,2
7163,1
7164,3
7165,1
7166,3
7167,1
7168,1
7169,2
7170,1
7171,2
7172,1
7173,1
7174,3
7175,2
7176,2
7177,3
7178,1
7179,3
7180,1
7181,1
7182,1
7183,1
7184,1
7185,2
7186,1
7187,3
7188,1
7189,2
7190,1
7191,1
7192,3
7193,1
7194,3
7195,1
7196,2
7197,2
7198,1
7199,3
7200,1
7201,1
7202,2
7203,3
7204,1
7205,1
7206,2
7207,1
7208,1
7209,1
7210,1
7211,1
7212,1
7213,3
7214,1
7215,1
7216,1
7217,3
7218,2
7219,1
7220,1
7221,1
7222,2
7223,1
7224,2
7225,1
7226,3
7227,1
7228,2
7229,1
7230,3
7231,2
7232,3
7233,1
7234,1
7235,3
7236,1
7237,3
7238,2
7239,2
7240,1
7241,1
7242,2
7243,3
7244,3
7245,1
7246,3
7247,2
7248,1
7249,1
7250,2
7251,3
7252,3
7253,3
7254,1
7255,1
7256,3
7257,1
7258,1
7259,3
7260,2
7261,2
7262,3
7263,1
7264,3
7265,2
7266,1
7267,1
7268,2
7269,2
7270,3
7271,1
7272,1
7273,2
7274,2
7275,3
7276,1
7277,2
7278,2
7279,3
7280,2
7281,2
7282,3
7283,2
7284,2
7285,1
7286,3
7287,3
7288,1
7289,2
7290,3
7291,3
7292,2
7293,1
7294,3
7295,3
7296,1
7297,3
7298,2
7299,1
7300,2
7301,2
7302,1
7303,1
7304,3
7305,1
7306,1
7307,1
7308,3
7309,2
7310,2
7311,2
7312,3
7313,2
7314,3
7315,2
7316,1
7317,3
7318,2
7319,1
7320,1
7321,3
7322,1
7323,1
7324,1
7325,1
7326,1
7327,1
7328,2
7329,1
7330,3
7331,3
7332,3
7333,2
7334,2
7335,2
7336,1
7337,1
7338,1
7339,3
7340,3
7341,1
7342,1
7343,1
7344,1
7345,2
7346,1
7347,2
7348,1
7349,1
7350,3
7351,1
7352,3
7353,1
7354,3
7355,1
7356,1
7357,1
7358,1
7359,1
7360,3
7361,2
7362,1
7363,2
7364,2
7365,1
7366,2
7367,2
7368,3
7369,3
7370,3
7371,2
7372,1
7373,1
7374,1
7375,3
7376,1
7377,1
7378,3
7379,3
7380,1
7381,2
7382,2
7383,2
7384,1
7385,1
7386,3
7387,1
7388,1
7389,1
7390,1
7391,2
7392,3
7393,3
7394,3
7395,1
7396,2
7397,1
7398,1
7399,2
7400,2
7401,3
7402,3
7403,3
7404,1
7405,1
7406,2
7407,2
7408,1
7409,3
7410,1
7411,1
7412,2
7413,1
7414,1
7415,3
7416,1
7417,2
7418,2
7419,1
7420,3
7421,1
7422,1
7423,2
7424,3
7425,3
7426,3
7427,3
7428,3
7429,3
7430,3
7431,2
7432,2
7433,3
7434,2
7435,3
7436,1
7437,1
7438,1
7439,1
7440,3
7441,2
7442,1
7443,2
7444,2
7445,2
7446,2
7447,1
7448,3
7449,1
7450,1
7451,2
7452,2
7453,3
7454,3
7455,1
7456,3
7457,1
7458,1
7459,2
7460,1
7461,3
7462,1
7463,2
7464,2
7465,1
7466,1
7467,1
7468,1
7469,2
7470,1
7471,1
7472,2
7473,3
7474,1
7475,2
7476,3
7477,1
7478,3
7479,2
7480,2
7481,3
7482,1
7483,2
7484,1
7485,1
7486,3
7487,3
7488,1
7489,1
7490,2
7491,1
7492,1
7493,1
7494,2
7495,1
7496,3
7497,2
7498,3
7499,2
7500,3
7501,1
7502,2
7503,3
7504,2
7505,1
7506,1
7507,2
7508,3
7509,3
7510,3
7511,1
7512,3
7513,3
7514,1
7515,2
7516,2
7517,1
7518,1
7519,3
7520,1
7521,1
7522,1
7523,1
7524,3
7525,2
7526,3
7527,1
7528,1
7529,1
7530,2
7531,1
7532,2
7533,3
7534,2
7535,1
7536,3
7537,1
7538,1
7539,1
7540,1
7541,2
7542,3
7543,2
7544,3
7545,1
7546,3
7547,3
7548,1
7549,2
7550,2
7551,1
7552,1
7553,2
7554,1
7555,1
7556,3
7557,3
7558,1
7559,2
7560,3
7561,3
7562,3
7563,1
7564,2
7565,2
7566,1
7567,2
7568,1
7569,1
7570,3
7571,1
7572,2
7573,3
7574,3
7575,2
7576,2
7577,2
7578,2
7579,1
7580,1
7581,2
7582,1
7583,2
7584,3
7585,3
7586,1
7587,2
7588,1
7589,2
7590,3
7591,1
7592,1
7593,1
7594,3
7595,3
7596,1
7597,2
7598,2
7599,1
7600,1
7601,1
7602,1
7603,1
7604,3
7605,1
7606,3
7607,3
7608,3
7609,2
7610,1
7611,1
7612,2
7613,2
7614,1
7615,2
7616,1
7617,1
7618,3
7619,2
7620,1
7621,2
7622,2
7623,1
7624,2
7625,2
7626,1
7627,3
7628,2
7629,3
7630,2
7631,3
7632,2
7633,3
7634,1
7635,2
7636,1
7637,1
7638,1
7639,3
7640,1
7641,2
7642,2
7643,3
7644,2
7645,3
7646,3
7647,3
7648,3
7649,2
7650,2
7651,3
7652,1
7653,2
7654,1
7655,2
7656,1
7657,1
7658,1
7659,1
7660,1
7661,2
7662,1
7663,3
7664,2
7665,3
7666,1
7667,3
7668,3
7669,1
7670,1
7671,1
7672,3
7673,2
7674,3
7675,2
7676,3
7677,3
7678,1
7679,1
7680,3
7681,2
7682,1
7683,1
7684,1
7685,3
7686,2
7687,2
7688,2
7689,2
7690,2
7691,2
7692,3
7693,1
7694,3
7695,1
7696,3
7697,3
7698,3
7699,2
7700,1
7701,2
7702,3
7703,1
7704,1
7705,2
7706,1
7707,2
7708,1
7709,1
7710,1
7711,2
7712,1
7713,2
7714,1
7715,1
7716,1
7717,1
7718,1
7719,2
7720,1
7721,1
7722,1
7723,1
7724,1
7725,2
7726,2
7727,3
7728,3
7729,2
7730,1
7731,3
7732,1
7733,1
7734,2
7735,3
7736,3
7737,3
7738,1
7739,3
7740,1
7741,2
7742,1
7743,1
7744,1
7745,2
7746,1
7747,1
7748,1
7749,1
7750,2
7751,3
7752,1
7753,1
7754,1
7755,2
7756,2
7757,3
7758,1
7759,1
7760,3
7761,1
7762,1
7763,1
7764,1
7765,2
7766,2
7767,3
7768,3
7769,1
7770,1
7771,2
7772,2
7773,3
7774,3
7775,1
7776,3
7777,2
7778,1
7779,2
7780,1
7781,2
7782,2
7783,2
7784,1
7785,1
7786,3
7787,1
7788,2
7789,1
7790,2
7791,1
7792,1
7793,3
7794,3
7795,2
7796,2
7797,2
7798,1
7799,3
7800,3
7801,1
7802,2
7803,1
7804,3
7805,1
7806,2
7807,2
7808,1
7809,3
7810,1
7811,1
7812,2
7813,3
7814,3
7815,3
7816,1
7817,2
7818,2
7819,1
7820,2
7821,2
7822,1
7823,3
7824,2
7825,3
7826,1
7827,1
7828,2
7829,2
7830,2
7831,2
7832,2
7833,1
7834,2
7835,1
7836,2
7837,1
7838,2
7839,2
7840,1
7841,3
7842,3
7843,1
7844,1
7845,2
7846,1
7847,3
7848,2
7849,1
7850,1
7851,1
7852,1
7853,1
7854,1
7855,1
7856,1
7857,3
7858,3
7859,3
7860,1
7861,2
7862,3
7863,1
7864,3
7865,1
7866,2
7867,2
7868,1
7869,3
7870,2
7871,1
7872,1
7873,1
7874,3
7875,1
7876,3
7877,2
7878,3
7879,1
7880,2
7881,2
7882,1
7883,3
7884,1
7885,1
7886,3
7887,2
7888,2
7889,1
7890,2
7891,1
7892,3
7893,1
7894,1
7895,1
7896,3
7897,2
7898,2
7899,1
7900,1
7901,3
7902,1
7903,3
7904,3
7905,1
7906,1
7907,3
7908,2
7909,1
7910,2
7911,2
7912,2
7913,1
7914,1
7915,3
7916,2
7917,1
7918,3
7919,2
7920,1
7921,2
7922,1
7923,1
7924,3
7925,1
7926,1
7927,2
7928,1
7929,3
7930,2
7931,1
7932,3
7933,3
7934,3
7935,2
7936,1
7937,2
7938,3
7939,3
7940,1
7941,1
7942,3
7943,1
7944,1
7945,3
7946,3
7947,1
7948,1
7949,1
7950,3
7951,1
7952,1
7953,1
7954,2
7955,3
7956,1
7957,1
7958,1
7959,2
7960,1
7961,2
7962,3
7963,1
7964,3
7965,2
7966,3
7967,2
7968,3
7969,1
7970,1
7971,1
7972,1
7973,1
7974,2
7975,3
7976,2
7977,1
7978,1
7979,1
7980,3
7981,1
7982,2
7983,1
7984,1
7985,1
7986,1
7987,1
7988,1
7989,1
7990,2
7991,3
7992,1
7993,3
7994,1
7995,2
7996,1
7997,1
7998,3
7999,3
8000,3
8001,1
8002,2
8003,1
8004,3
8005,1
8006,1
8007,2
8008,2
8009,1
8010,3
8011,2
8012,1
8013,3
8014,3
8015,1
8016,1
8017,1
8018,1
8019,3
8020,3
8021,3
8022,1
8023,1
8024,2
8025,2
8026,3
8027,1
8028,1
8029,1
8030,1
8031,1
8032,3
8033,1
8034,1
8035,1
8036,3
8037,2
8038,1
8039,2
8040,1
8041,1
8042,1
8043,2
8044,2
8045,1
8046,2
8047,2
8048,1
8049,3
8050,2
8051,1
8052,2
8053,2
8054,3
8055,1
8056,2
8057,1
8058,2
8059,2
8060,3
8061,2
8062,2
8063,3
8064,2
8065,1
8066,1
8067,2
8068,1
8069,1
8070,3
8071,2
8072,3
8073,2
8074,1
8075,2
8076,1
8077,2
8078,3
8079,1
8080,1
8081,2
8082,3
8083,1
8084,3
8085,2
8086,1
8087,2
8088,1
8089,1
8090,1
8091,2
8092,1
8093,1
8094,3
8095,1
8096,1
8097,1
8098,2
8099,1
8100,1
8101,3
8102,3
8103,3
8104,1
8105,3
8106,1
8107,1
8108,3
8109,3
8110,1
8111,3
8112,2
8113,2
8114,1
8115,3
8116,1
8117,3
8118,3
8119,1
8120,1
8121,2
8122,3
8123,3
8124,2
8125,2
8126,1
8127,2
8128,3
8129,1
8130,3
8131,3
8132,3
8133,1
8134,3
8135,1
8136,2
8137,1
8138,1
8139,3
8140,2
8141,1
8142,1
8143,2
8144,2
8145,1
8146,2
8147,1
8148,1
8149,3
8150,2
8151,1
8152,1
8153,3
8154,2
8155,1
8156,3
8157,2
8158,1
8159,1
8160,2
8161,1
8162,2
8163,1
8164,3
8165,3
8166,1
8167,3
8168,1
8169,3
8170,2
8171,2
8172,1
8173,1
8174,3
8175,3
8176,2
8177,2
8178,1
8179,1
8180,1
8181,2
8182,2
8183,1
8184,3
8185,1
8186,1
8187,3
8188,1
8189,3
8190,1
8191,3
8192,2
8193,1
8194,2
8195,3
8196,2
8197,1
8198,3
8199,3
8200,2
8201,3
8202,1
8203,1
8204,1
8205,1
8206,2
8207,1
8208,1
8209,2
8210,3
8211,3
8212,2
8213,2
8214,2
8215,3
8216,1
8217,1
8218,1
8219,1
8220,1
8221,2
8222,3
8223,2
8224,3
8225,1
8226,1
8227,1
8228,2
8229,1
8230,1
8231,3
8232,1
8233,2
8234,2
8235,2
8236,1
8237,1
8238,1
8239,3
8240,1
8241,3
8242,3
8243,2
8244,2
8245,1
8246,1
8247,1
8248,3
8249,2
8250,2
8251,2
8252,3
8253,2
8254,1
8255,3
8256,3
8257,1
8258,2
8259,2
8260,2
8261,1
8262,3
8263,1
8264,1
8265,2
8266,3
8267,3
8268,2
8269,2
8270,1
8271,1
8272,3
8273,3
8274,2
8275,1
8276,2
8277,1
8278,2
